file,concurrency,completed,failed,duration_s,request_throughput_req_s,output_throughput_tok_s,total_token_throughput_tok_s,total_input_tokens,total_output_tokens,ttft_p50_ms,ttft_p95_ms,tpot_p50_ms,itl_p50_ms,e2el_p95_ms
results/day02/raw/day02_c1_i128_o64.json,1,16,0,2.336277328000506,6.848502019960764,438.30412927748887,1513.518946411329,2512,1024,7.350746000156505,11.077230500177393,2.1883990079408657,2.1942145003777114,148.70199225015313
results/day02/raw/day02_c2_i128_o64.json,2,16,0,1.3083841469997424,12.228824414213229,782.6447625096466,2702.5701955411237,2512,1024,8.860050000293995,11.60365100031413,2.4438390634843796,2.451190499414224,164.93997150018913
results/day02/raw/day02_c4_i128_o64.json,4,16,0,0.670992979001312,23.845256956062297,1526.096445187987,5269.801787289768,2512,1024,8.98541300011857,12.989258249945124,2.4939540238240925,2.4991039999804343,170.15598699981638
