file,concurrency,completed,failed,duration_s,request_throughput_req_s,output_throughput_tok_s,total_token_throughput_tok_s,total_input_tokens,total_output_tokens,ttft_p50_ms,ttft_p95_ms,tpot_p50_ms,itl_p50_ms,e2el_p95_ms
results/day06/raw/day06_c1_i128_o64_n64.json,1,64,0,8.585661731000073,7.454288557504719,477.074467680302,1647.3977712085427,10048,4096,8.09234850021312,8.605874849854445,1.9985308095235108,2.002326999900106,134.51452249937574
results/day06/raw/day06_c2_i128_o64_n64.json,2,64,0,4.452376425999319,14.374346164056748,919.9581544996319,3176.7305022565415,10048,4096,8.148044999870763,10.245002849569572,2.069148063474997,2.0720980000987765,140.30034884863198
results/day06/raw/day06_c4_i128_o64_n64.json,4,64,0,2.2844476279988157,28.01552516048014,1792.993610270729,6191.431060466111,10048,4096,10.364120000303956,12.421097049809758,2.086630111108885,2.086172999952396,143.83978914929685
results/day06/raw/day06_c8_i128_o64_n64.json,8,64,0,1.1652786579998065,54.92248533055226,3515.039061155345,12137.869258052051,10048,4096,12.054091000209155,16.12434700000449,2.1016249682592356,2.1050879995527794,148.93468634973033
results/day06/raw/day06_c16_i128_o64_n64.json,16,64,0,0.6371267930007889,100.45096314121066,6428.8616410374825,22199.662854207556,10048,4096,20.684353999968152,22.08003719943008,2.1935957301470883,2.188389999901119,160.22405415087633
